{
  "originalPath": "/workspace/public/js/bundle-1753314701.js",
  "minifiedPath": "/workspace/public/js/bundle-1753314701.min.js",
  "originalSize": 1265381,
  "minifiedSize": 687714,
  "reduction": 45.651625873946266,
  "gzippedOriginal": 248784,
  "gzippedMinified": 147789,
  "gzippedReduction": 40.59545629944048,
  "brotliOriginal": 176184,
  "brotliMinified": 111435,
  "brotliReduction": 36.750783272033786
}